{"cameraMode":{"drawMode":0,"name":"Shaded","section":"Shading Mode"},"sceneLighting":true,"audioPlay":false,"sceneViewState":{"showFog":true,"showMaterialUpdate":true,"showSkybox":true,"showFlares":true,"showImageEffects":true,"showParticleSystems":true},"in2DMode":false,"pivot":{"x":1.61614191532135,"y":42.53783416748047,"z":32.63816452026367},"rotation":{"x":-0.037790264934301379,"y":-0.023383932188153268,"z":0.0008845946285873652,"w":-0.9990118145942688},"size":69.16793060302735,"orthographic":false}