{"cameraMode":{"drawMode":0,"name":"Shaded","section":"Shading Mode"},"sceneLighting":true,"audioPlay":false,"sceneViewState":{"showFog":true,"showMaterialUpdate":true,"showSkybox":true,"showFlares":true,"showImageEffects":true,"showParticleSystems":true},"in2DMode":false,"pivot":{"x":27.115869522094728,"y":-9.145408630371094,"z":-0.03159332275390625},"rotation":{"x":-0.004809179808944464,"y":-0.012902284041047097,"z":0.00006208320701261982,"w":-0.9999061822891235},"size":33.82017517089844,"orthographic":false}