{"cameraMode":{"drawMode":0,"name":"Shaded","section":"Shading Mode"},"sceneLighting":true,"audioPlay":false,"sceneViewState":{"showFog":true,"showMaterialUpdate":false,"showSkybox":true,"showFlares":true,"showImageEffects":true,"showParticleSystems":true},"in2DMode":false,"pivot":{"x":-23.771757125854493,"y":-20.309223175048829,"z":27.649681091308595},"rotation":{"x":-0.17046889662742616,"y":-0.006801896262913942,"z":0.0011767556425184012,"w":-0.9853386878967285},"size":110.91503143310547,"orthographic":false}